{
    "transferroom_729322085033312298": "1268167335156518923",
    "ProBotId_729322085033312298": "282859044593598464",
    "Products_729322085033312298": [
        {
            "productName": "نسخ سيرفرات",
            "productPrice": "300000",
            "productLink": "https://replit.com/@AkramSouidi/Cli-oner?v=1"
        },
        {
            "productName": "ميكر",
            "productPrice": "350000",
            "productLink": "https://replit.com/@octaneali/Maker-Bot-1#index.js"
        },
        {
            "productName": "طلبات شوب",
            "productPrice": "250000",
            "productLink": "https://replit.com/@RAGH1/Givara-shop-ordrer#index.js"
        }
    ],
    "image_729322085033312298": "https://media.discordapp.net/attachments/1270261486564151380/1270318105708462080/Snapchat-900702759.jpg?ex=66b3436d&is=66b1f1ed&hm=4032d20bc2bfe306bf8c8ec669b96f75a2adaa9ecfd0740bf87c5d5f0e7da44e&"
}