{
    "recipient_729322085033312298": "1065678939923689582",
    "probot_729322085033312298": "282859044593598464",
    "clientrole_729322085033312298": "1270293597660643329",
    "products_729322085033312298": [
        {
            "name": "بروجكت شوب",
            "price": "250000",
            "goods": []
        },
        {
            "name": "بروجكت ميكر",
            "price": "400000",
            "goods": [
                "https://replit.com/@octaneali/Maker-Bot-1#index.js"
            ]
        }
    ]
}