{
    "uptimes": [
        {
            "url": "https://945cd88a-aa8e-4c79-ba99-941724c0145b-00-14tb5mhq2f550.riker.replit.dev/",
            "type": "weekly",
            "guildId": "1267138781912367145",
            "userId": "993030979876831254",
            "timeLeft": 4140
        },
        {
            "url": "https://81f3a583-cd22-46a6-ab5e-1928cf472e13-00-2nx0b6yhcvvke.riker.replit.dev:8008/",
            "type": "monthly",
            "guildId": "1267138781912367145",
            "userId": "1058095435677450301",
            "timeLeft": 2466900
        },
        {
            "url": "https://replit.com/@ziadwagdy5yahoo/SellProjects",
            "type": "monthly",
            "guildId": "1267138781912367145",
            "userId": "1058095435677450301",
            "timeLeft": 2467260
        }
    ]
}